year,month,day,team_1_code,team_2_code,tournament_code,host_code,team_1_rank,team_2_rank,team_1_rating,team_2_rating,team_1_win_expectancy,draw_points_exchange,team_1_win_by_1_points,team_2_win_by_1_points,team_1_win_by_2_points,team_2_win_by_2_points,team_1_win_by_3_points,team_2_win_by_3_points,team_1_win_by_4_points,team_2_win_by_4_points,team_1_win_by_5_points,team_2_win_by_5_points,match_date,extracted_at,source
2026,6,25,AU,PY,WC,US,26,24,1799,1816,48.0,1,31,29,47,43,55,50,59,53,63,57,2026-06-25,2026-06-25T12:40:11,https://www.eloratings.net/fixtures.tsv
2026,6,25,CW,CI,WC,US,89,38,1453,1728,17.0,20,50,10,75,15,87,18,93,19,100,20,2026-06-25,2026-06-25T12:40:11,https://www.eloratings.net/fixtures.tsv
2026,6,25,EC,DE,WC,US,19,9,1864,1954,37.0,8,38,22,56,34,66,39,71,42,75,45,2026-06-25,2026-06-25T12:40:11,https://www.eloratings.net/fixtures.tsv
2026,6,25,JP,SE,WC,US,11,39,1925,1727,76.0,-15,15,45,22,68,25,80,27,85,29,91,2026-06-25,2026-06-25T12:40:11,https://www.eloratings.net/fixtures.tsv
2026,6,25,NL,TN,WC,US,8,71,1972,1570,91.0,-25,5,55,8,82,9,96,10,102,11,109,2026-06-25,2026-06-25T12:40:11,https://www.eloratings.net/fixtures.tsv
2026,6,25,US,TR,WC,US,22,25,1820,1813,65.0,-9,21,39,32,58,37,68,39,73,42,78,2026-06-25,2026-06-25T12:40:11,https://www.eloratings.net/fixtures.tsv
2026,6,26,BE,NZ,WC,CA,16,74,1869,1549,86.0,-22,8,52,12,78,14,91,15,97,16,104,2026-06-26,2026-06-25T12:40:11,https://www.eloratings.net/fixtures.tsv
2026,6,26,CV,SA,WC,US,58,65,1625,1593,55.0,-3,27,33,41,49,48,57,51,61,54,66,2026-06-26,2026-06-25T12:40:11,https://www.eloratings.net/fixtures.tsv
2026,6,26,EG,IR,WC,US,35,31,1740,1766,46.0,2,32,28,48,42,56,49,60,52,64,56,2026-06-26,2026-06-25T12:40:11,https://www.eloratings.net/fixtures.tsv
2026,6,26,FR,NO,WC,US,3,10,2090,1951,69.0,-11,19,41,28,62,33,72,35,78,37,83,2026-06-26,2026-06-25T12:40:11,https://www.eloratings.net/fixtures.tsv
2026,6,26,IQ,SN,WC,CA,68,23,1586,1817,21.0,17,47,13,71,19,83,22,89,24,95,25,2026-06-26,2026-06-25T12:40:11,https://www.eloratings.net/fixtures.tsv
2026,6,26,ES,UY,WC,MX,2,20,2134,1851,84.0,-20,10,50,15,75,17,88,18,94,20,100,2026-06-26,2026-06-25T12:40:11,https://www.eloratings.net/fixtures.tsv
2026,6,27,DZ,AT,WC,US,27,21,1780,1841,41.0,5,35,25,53,37,62,43,66,46,70,50,2026-06-27,2026-06-25T12:40:11,https://www.eloratings.net/fixtures.tsv
2026,6,27,AR,JO,WC,US,1,57,2144,1632,95.0,-27,3,57,4,86,5,100,6,107,6,114,2026-06-27,2026-06-25T12:40:11,https://www.eloratings.net/fixtures.tsv
2026,6,27,CO,PT,WC,US,6,7,2006,1988,53.0,-2,28,32,43,47,50,55,53,59,57,63,2026-06-27,2026-06-25T12:40:11,https://www.eloratings.net/fixtures.tsv
2026,6,27,HR,GH,WC,US,14,69,1896,1584,86.0,-21,9,51,13,77,15,90,16,96,17,103,2026-06-27,2026-06-25T12:40:11,https://www.eloratings.net/fixtures.tsv
2026,6,27,CD,UZ,WC,US,53,50,1666,1677,48.0,1,31,29,46,44,54,51,58,54,62,58,2026-06-27,2026-06-25T12:40:11,https://www.eloratings.net/fixtures.tsv
2026,6,27,EN,PA,WC,US,4,51,2028,1668,89.0,-23,7,53,10,80,12,93,13,100,13,107,2026-06-27,2026-06-25T12:40:11,https://www.eloratings.net/fixtures.tsv
2026,6,28,CA,ZA,WC,US,32,70,1748,1575,73.0,-14,16,44,24,66,28,77,30,82,32,88,2026-06-28,2026-06-25T12:40:11,https://www.eloratings.net/fixtures.tsv
2026,7,18,VN,MM,F,VN,118,187,1351,984,94.0,-9,1,19,2,28,2,33,2,35,3,37,2026-07-18,2026-06-25T12:40:11,https://www.eloratings.net/fixtures.tsv
2026,7,24,KH,SG,SEA,KH,203,167,871,1134,28.0,9,29,11,43,17,50,20,54,21,58,22,2026-07-24,2026-06-25T12:40:11,https://www.eloratings.net/fixtures.tsv
2026,7,24,TL,VN,SEA,,215,118,734,1351,3.0,19,39,1,58,2,68,2,73,2,78,2,2026-07-24,2026-06-25T12:40:11,https://www.eloratings.net/fixtures.tsv
2026,7,25,LA,TH,SEA,LA,215,109,734,1376,4.0,18,38,2,57,3,67,3,72,3,77,3,2026-07-25,2026-06-25T12:40:11,https://www.eloratings.net/fixtures.tsv
2026,7,25,MM,MY,SEA,MM,187,137,984,1293,23.0,11,31,9,46,14,54,16,58,17,62,18,2026-07-25,2026-06-25T12:40:11,https://www.eloratings.net/fixtures.tsv
2026,7,27,ID,KH,SEA,ID,113,203,1372,871,97.0,-19,1,39,2,58,2,68,2,73,2,78,2026-07-27,2026-06-25T12:40:11,https://www.eloratings.net/fixtures.tsv
2026,7,27,SG,TL,SEA,SG,167,215,1134,734,95.0,-18,2,38,3,57,4,66,4,71,4,76,2026-07-27,2026-06-25T12:40:11,https://www.eloratings.net/fixtures.tsv
2026,7,28,MY,LA,SEA,MY,137,215,1293,734,98.0,-19,1,39,1,59,2,68,2,73,2,78,2026-07-28,2026-06-25T12:40:11,https://www.eloratings.net/fixtures.tsv
2026,7,28,PH,MM,SEA,PH,161,187,1179,984,85.0,-14,6,34,9,51,11,59,12,63,12,68,2026-07-28,2026-06-25T12:40:11,https://www.eloratings.net/fixtures.tsv
2026,7,31,TL,ID,SEA,,215,113,734,1372,2.0,19,39,1,59,1,68,2,73,2,78,2,2026-07-31,2026-06-25T12:40:11,https://www.eloratings.net/fixtures.tsv
2026,7,31,VN,SG,SEA,VN,118,167,1351,1134,86.0,-14,6,34,8,52,10,60,10,65,11,69,2026-07-31,2026-06-25T12:40:11,https://www.eloratings.net/fixtures.tsv
2026,8,1,LA,PH,SEA,LA,215,161,734,1179,12.0,15,35,5,53,7,62,8,66,9,70,10,2026-08-01,2026-06-25T12:40:11,https://www.eloratings.net/fixtures.tsv
2026,8,1,TH,MY,SEA,TH,109,137,1376,1293,74.0,-10,10,30,16,44,18,52,19,56,21,59,2026-08-01,2026-06-25T12:40:11,https://www.eloratings.net/fixtures.tsv
2026,8,3,KH,TL,SEA,KH,203,215,871,734,80.0,-12,8,32,12,48,14,56,15,60,16,64,2026-08-03,2026-06-25T12:40:11,https://www.eloratings.net/fixtures.tsv
2026,8,3,ID,VN,SEA,ID,113,118,1372,1351,67.0,-7,13,27,20,40,23,47,25,50,27,53,2026-08-03,2026-06-25T12:40:11,https://www.eloratings.net/fixtures.tsv
2026,8,4,MM,LA,SEA,MM,187,215,984,734,88.0,-15,5,35,7,53,8,62,9,66,9,71,2026-08-04,2026-06-25T12:40:11,https://www.eloratings.net/fixtures.tsv
2026,8,4,PH,TH,SEA,PH,161,109,1179,1376,36.0,5,25,15,38,22,45,25,48,27,51,29,2026-08-04,2026-06-25T12:40:11,https://www.eloratings.net/fixtures.tsv
2026,8,7,SG,ID,SEA,SG,167,113,1134,1372,31.0,8,28,12,41,19,48,22,52,23,55,25,2026-08-07,2026-06-25T12:40:11,https://www.eloratings.net/fixtures.tsv
2026,8,7,VN,KH,SEA,VN,118,203,1351,871,97.0,-19,1,39,2,58,2,68,3,72,3,77,2026-08-07,2026-06-25T12:40:11,https://www.eloratings.net/fixtures.tsv
2026,8,8,MY,PH,SEA,MY,137,161,1293,1179,77.0,-11,9,31,14,46,16,54,17,58,18,62,2026-08-08,2026-06-25T12:40:11,https://www.eloratings.net/fixtures.tsv
2026,8,8,TH,MM,SEA,TH,109,187,1376,984,94.0,-18,2,38,3,57,4,66,4,71,4,76,2026-08-08,2026-06-25T12:40:11,https://www.eloratings.net/fixtures.tsv
2026,9,0,DZ,ZM,FQ,DZ,27,115,1780,1371,95.0,-18,2,38,3,57,4,66,4,71,4,76,2026-09-01,2026-06-25T12:40:11,https://www.eloratings.net/fixtures.tsv
2026,9,0,BF,BJ,FQ,BF,78,100,1529,1405,78.0,-11,9,31,13,47,15,55,16,59,17,63,2026-09-01,2026-06-25T12:40:11,https://www.eloratings.net/fixtures.tsv
2026,9,0,CM,KM,FQ,CM,62,111,1614,1374,88.0,-15,5,35,7,53,9,61,9,66,10,70,2026-09-01,2026-06-25T12:40:11,https://www.eloratings.net/fixtures.tsv
2026,9,0,CD,GQ,FQ,CD,53,106,1666,1380,90.0,-16,4,36,6,54,7,63,7,68,8,72,2026-09-01,2026-06-25T12:40:11,https://www.eloratings.net/fixtures.tsv
2026,9,0,EG,AO,FQ,EG,35,75,1740,1542,85.0,-14,6,34,9,51,11,59,11,64,12,68,2026-09-01,2026-06-25T12:40:11,https://www.eloratings.net/fixtures.tsv
2026,9,0,GM,SO,FQ,GM,97,188,1419,979,96.0,-18,2,38,3,57,3,67,3,72,3,77,2026-09-01,2026-06-25T12:40:11,https://www.eloratings.net/fixtures.tsv
2026,9,0,CI,GH,FQ,CI,38,69,1728,1584,80.0,-12,8,32,12,48,14,56,15,60,16,64,2026-09-01,2026-06-25T12:40:11,https://www.eloratings.net/fixtures.tsv
2026,9,0,KE,ER,FQ,KE,116,158,1363,1201,82.0,-13,7,33,11,49,13,57,14,61,14,66,2026-09-01,2026-06-25T12:40:11,https://www.eloratings.net/fixtures.tsv
2026,9,0,LY,BW,FQ,LY,96,148,1420,1267,81.0,-12,8,32,11,49,13,57,14,61,15,65,2026-09-01,2026-06-25T12:40:11,https://www.eloratings.net/fixtures.tsv
2026,9,0,MW,SS,FQ,MW,151,171,1239,1109,79.0,-12,8,32,13,47,15,55,16,59,17,63,2026-09-01,2026-06-25T12:40:11,https://www.eloratings.net/fixtures.tsv
2026,9,0,ML,CV,FQ,ML,67,58,1588,1625,59.0,-4,16,24,25,35,29,41,31,44,33,47,2026-09-01,2026-06-25T12:40:11,https://www.eloratings.net/fixtures.tsv
2026,9,0,MR,CF,FQ,MR,128,153,1329,1236,75.0,-10,10,30,15,45,17,53,19,56,20,60,2026-09-01,2026-06-25T12:40:11,https://www.eloratings.net/fixtures.tsv
2026,9,0,MA,GA,FQ,MA,15,101,1877,1401,96.0,-19,1,39,2,58,2,68,3,72,3,77,2026-09-01,2026-06-25T12:40:11,https://www.eloratings.net/fixtures.tsv
2026,9,0,,CG,FQ,,135,157,1303,1207,76.0,-10,10,30,15,45,17,53,18,57,20,60,2026-09-01,2026-06-25T12:40:11,https://www.eloratings.net/fixtures.tsv
2026,9,0,NG,MG,FQ,NG,30,106,1767,1380,94.0,-18,2,38,3,57,4,66,4,71,5,75,2026-09-01,2026-06-25T12:40:11,https://www.eloratings.net/fixtures.tsv
2026,9,0,NE,LS,FQ,NE,105,159,1382,1198,84.0,-13,7,33,10,50,11,59,12,63,13,67,2026-09-01,2026-06-25T12:40:11,https://www.eloratings.net/fixtures.tsv
2026,9,0,RW,LR,FQ,RW,125,134,1336,1304,68.0,-7,13,27,19,41,22,48,24,51,25,55,2026-09-01,2026-06-25T12:40:11,https://www.eloratings.net/fixtures.tsv
2026,9,0,SN,MZ,FQ,SN,23,121,1817,1342,96.0,-19,1,39,2,58,2,68,3,72,3,77,2026-09-01,2026-06-25T12:40:11,https://www.eloratings.net/fixtures.tsv
2026,9,0,SL,ZW,FQ,SL,123,113,1341,1372,60.0,-4,16,24,24,36,28,42,30,45,32,48,2026-09-01,2026-06-25T12:40:11,https://www.eloratings.net/fixtures.tsv
2026,9,0,ZA,GN,FQ,ZA,70,86,1575,1463,77.0,-11,9,31,14,46,16,54,17,58,18,62,2026-09-01,2026-06-25T12:40:11,https://www.eloratings.net/fixtures.tsv
2026,9,0,SD,ET,FQ,SD,119,141,1350,1287,72.0,-9,11,29,17,43,20,50,21,54,22,58,2026-09-01,2026-06-25T12:40:11,https://www.eloratings.net/fixtures.tsv
2026,9,0,TZ,GW,FQ,TZ,132,150,1313,1248,72.0,-9,11,29,17,43,20,50,21,54,22,58,2026-09-01,2026-06-25T12:40:11,https://www.eloratings.net/fixtures.tsv
2026,9,0,TG,BI,FQ,TG,108,143,1379,1285,75.0,-10,10,30,15,45,17,53,18,57,20,60,2026-09-01,2026-06-25T12:40:11,https://www.eloratings.net/fixtures.tsv
2026,9,0,TN,UG,FQ,TN,71,102,1570,1394,83.0,-13,7,33,10,50,12,58,13,62,14,66,2026-09-01,2026-06-25T12:40:11,https://www.eloratings.net/fixtures.tsv
2026,9,23,IQ,OM,GLF,SA,68,83,1586,1480,65.0,-6,14,26,21,39,25,45,26,49,28,52,2026-09-23,2026-06-25T12:40:11,https://www.eloratings.net/fixtures.tsv
2026,9,23,SA,KW,GLF,SA,65,127,1593,1332,89.0,-16,4,36,7,53,8,62,8,67,9,71,2026-09-23,2026-06-25T12:40:11,https://www.eloratings.net/fixtures.tsv
2026,9,24,NL,DE,ENA,NL,8,9,1972,1954,66.0,-7,13,27,20,40,24,46,25,50,27,53,2026-09-24,2026-06-25T12:40:11,https://www.eloratings.net/fixtures.tsv
2026,9,24,NO,DK,ENA,NO,10,16,1951,1869,74.0,-10,10,30,16,44,18,52,19,56,21,59,2026-09-24,2026-06-25T12:40:11,https://www.eloratings.net/fixtures.tsv
2026,9,24,PT,WA,ENA,PT,7,47,1988,1682,91.0,-16,4,36,5,55,6,64,7,68,7,73,2026-09-24,2026-06-25T12:40:11,https://www.eloratings.net/fixtures.tsv
2026,9,24,RS,GR,ENA,RS,36,34,1734,1744,63.0,-5,15,25,22,38,26,44,28,47,30,50,2026-09-24,2026-06-25T12:40:11,https://www.eloratings.net/fixtures.tsv
2026,9,24,AT,IL,ENB,AT,21,55,1841,1647,84.0,-14,6,34,9,51,11,59,12,63,12,68,2026-09-24,2026-06-25T12:40:11,https://www.eloratings.net/fixtures.tsv
2026,9,24,KO,IE,ENB,KO,42,45,1714,1699,66.0,-6,14,26,20,40,24,46,26,49,27,53,2026-09-24,2026-06-25T12:40:11,https://www.eloratings.net/fixtures.tsv
2026,9,24,AD,MT,END,AD,175,149,1080,1255,39.0,4,24,16,36,24,42,28,45,30,49,31,2026-09-24,2026-06-25T12:40:11,https://www.eloratings.net/fixtures.tsv
2026,9,24,LI,LT,END,LI,200,146,895,1279,16.0,13,33,7,50,10,59,11,63,12,67,13,2026-09-24,2026-06-25T12:40:11,https://www.eloratings.net/fixtures.tsv
2026,9,24,BH,QA,GLF,SA,98,99,1414,1411,50.0,0,20,20,30,30,35,35,37,38,40,40,2026-09-24,2026-06-25T12:40:11,https://www.eloratings.net/fixtures.tsv
2026,9,24,AE,YE,GLF,SA,76,160,1540,1195,88.0,-15,5,35,7,53,8,62,9,66,10,70,2026-09-24,2026-06-25T12:40:11,https://www.eloratings.net/fixtures.tsv
2026,9,25,IT,BE,ENA,IT,16,16,1869,1869,64.0,-6,14,26,22,38,25,45,27,48,29,51,2026-09-25,2026-06-25T12:40:11,https://www.eloratings.net/fixtures.tsv
2026,9,25,TR,FR,ENA,TR,25,3,1813,2090,27.0,9,29,11,44,16,51,19,55,20,59,21,2026-09-25,2026-06-25T12:40:11,https://www.eloratings.net/fixtures.tsv
2026,9,25,GE,EI,ENB,GE,54,64,1654,1605,70.0,-8,12,28,18,42,21,49,22,53,24,56,2026-09-25,2026-06-25T12:40:11,https://www.eloratings.net/fixtures.tsv
2026,9,25,HU,UA,ENB,HU,43,27,1710,1780,54.0,-2,18,22,27,33,32,38,34,41,37,43,2026-09-25,2026-06-25T12:40:11,https://www.eloratings.net/fixtures.tsv
2026,9,25,PL,BA,ENB,PL,43,59,1710,1622,75.0,-10,10,30,15,45,18,52,19,56,20,60,2026-09-25,2026-06-25T12:40:11,https://www.eloratings.net/fixtures.tsv
2026,9,25,SE,RO,ENB,SE,39,56,1727,1639,75.0,-10,10,30,15,45,18,52,19,56,20,60,2026-09-25,2026-06-25T12:40:11,https://www.eloratings.net/fixtures.tsv
2026,9,25,AM,LV,ENC,AM,112,139,1373,1288,74.0,-10,10,30,15,45,18,52,19,56,21,59,2026-09-25,2026-06-25T12:40:11,https://www.eloratings.net/fixtures.tsv
2026,9,25,ME,CY,ENC,ME,87,131,1461,1314,81.0,-12,8,32,12,48,14,56,15,60,16,64,2026-09-25,2026-06-25T12:40:11,https://www.eloratings.net/fixtures.tsv
2026,9,26,CZ,HR,ENA,CZ,49,14,1680,1896,34.0,6,26,14,40,20,46,24,50,25,53,27,2026-09-26,2026-06-25T12:40:11,https://www.eloratings.net/fixtures.tsv
2026,9,26,EN,ES,ENA,EN,4,2,2028,2134,49.0,0,20,20,31,29,36,34,38,37,41,39,2026-09-26,2026-06-25T12:40:11,https://www.eloratings.net/fixtures.tsv
2026,9,26,NM,CH,ENB,NM,66,12,1589,1914,21.0,11,31,9,47,13,55,15,59,16,63,17,2026-09-26,2026-06-25T12:40:11,https://www.eloratings.net/fixtures.tsv
2026,9,26,SI,SQ,ENB,SI,47,33,1682,1745,55.0,-2,18,22,27,33,31,39,34,41,36,44,2026-09-26,2026-06-25T12:40:11,https://www.eloratings.net/fixtures.tsv
2026,9,26,AL,BY,ENC,AL,61,80,1616,1522,75.0,-10,10,30,15,45,17,53,18,57,20,60,2026-09-26,2026-06-25T12:40:11,https://www.eloratings.net/fixtures.tsv
2026,9,26,BG,LU,ENC,BG,88,90,1458,1450,65.0,-6,14,26,21,39,24,46,26,49,28,52,2026-09-26,2026-06-25T12:40:11,https://www.eloratings.net/fixtures.tsv
2026,9,26,FO,KZ,ENC,FO,103,93,1386,1428,58.0,-3,17,23,25,35,29,41,31,44,33,47,2026-09-26,2026-06-25T12:40:11,https://www.eloratings.net/fixtures.tsv
2026,9,26,IS,EE,ENC,IS,73,117,1568,1360,85.0,-14,6,34,9,51,10,60,11,64,12,68,2026-09-26,2026-06-25T12:40:11,https://www.eloratings.net/fixtures.tsv
2026,9,26,SM,FI,ENC,SM,206,77,825,1536,3.0,19,39,1,58,2,68,2,73,2,78,2,2026-09-26,2026-06-25T12:40:11,https://www.eloratings.net/fixtures.tsv
2026,9,26,SK,MD,ENC,SK,52,147,1667,1270,95.0,-18,2,38,3,57,4,66,4,71,4,76,2026-09-26,2026-06-25T12:40:11,https://www.eloratings.net/fixtures.tsv
2026,9,26,IQ,KW,GLF,SA,68,127,1586,1332,81.0,-12,8,32,11,49,13,57,14,61,15,65,2026-09-26,2026-06-25T12:40:11,https://www.eloratings.net/fixtures.tsv
2026,9,26,SA,OM,GLF,SA,65,83,1593,1480,77.0,-11,9,31,14,46,16,54,17,58,18,62,2026-09-26,2026-06-25T12:40:11,https://www.eloratings.net/fixtures.tsv
2026,9,27,DK,WA,ENA,DK,16,47,1869,1682,84.0,-14,6,34,10,50,11,59,12,63,13,67,2026-09-27,2026-06-25T12:40:11,https://www.eloratings.net/fixtures.tsv
2026,9,27,DE,GR,ENA,DE,9,34,1954,1744,86.0,-14,6,34,9,51,10,60,11,64,11,69,2026-09-27,2026-06-25T12:40:11,https://www.eloratings.net/fixtures.tsv
2026,9,27,NO,PT,ENA,NO,10,7,1951,1988,59.0,-4,16,24,25,35,29,41,31,44,33,47,2026-09-27,2026-06-25T12:40:11,https://www.eloratings.net/fixtures.tsv
2026,9,27,RS,NL,ENA,RS,36,8,1734,1972,31.0,8,28,12,41,19,48,22,52,23,55,25,2026-09-27,2026-06-25T12:40:11,https://www.eloratings.net/fixtures.tsv
2026,9,27,AT,KO,ENB,AT,21,42,1841,1714,79.0,-11,9,31,13,47,15,55,16,59,17,63,2026-09-27,2026-06-25T12:40:11,https://www.eloratings.net/fixtures.tsv
2026,9,27,IE,IL,ENB,,45,55,1699,1647,57.0,-3,17,23,26,34,30,40,32,43,34,46,2026-09-27,2026-06-25T12:40:11,https://www.eloratings.net/fixtures.tsv
2026,9,27,GI,AD,END,GI,183,175,1011,1080,54.0,-2,18,22,27,33,32,38,34,41,36,44,2026-09-27,2026-06-25T12:40:11,https://www.eloratings.net/fixtures.tsv
2026,9,27,LT,AZ,END,LT,146,129,1279,1322,58.0,-3,17,23,25,35,29,41,31,44,33,47,2026-09-27,2026-06-25T12:40:11,https://www.eloratings.net/fixtures.tsv
2026,9,27,BH,AE,GLF,SA,98,76,1414,1540,33.0,7,27,13,40,20,47,23,51,24,54,26,2026-09-27,2026-06-25T12:40:11,https://www.eloratings.net/fixtures.tsv
2026,9,27,QA,YE,GLF,SA,99,160,1411,1195,78.0,-11,9,31,13,47,16,54,17,58,18,62,2026-09-27,2026-06-25T12:40:11,https://www.eloratings.net/fixtures.tsv
2026,9,28,BE,FR,ENA,BE,16,3,1869,2090,33.0,7,27,13,40,20,47,23,50,25,53,27,2026-09-28,2026-06-25T12:40:11,https://www.eloratings.net/fixtures.tsv
2026,9,28,TR,IT,ENA,TR,25,16,1813,1869,56.0,-3,17,23,26,34,31,39,33,42,35,45,2026-09-28,2026-06-25T12:40:11,https://www.eloratings.net/fixtures.tsv
2026,9,28,EI,HU,ENB,EI,64,43,1605,1710,49.0,0,20,20,30,30,36,34,38,37,41,39,2026-09-28,2026-06-25T12:40:11,https://www.eloratings.net/fixtures.tsv
2026,9,28,RO,BA,ENB,RO,56,59,1639,1622,66.0,-6,14,26,20,40,24,46,25,50,27,53,2026-09-28,2026-06-25T12:40:11,https://www.eloratings.net/fixtures.tsv
2026,9,28,SE,PL,ENB,SE,39,43,1727,1710,66.0,-6,14,26,20,40,24,46,25,50,27,53,2026-09-28,2026-06-25T12:40:11,https://www.eloratings.net/fixtures.tsv
2026,9,28,GE,UA,ENB,GE,54,27,1654,1780,46.0,1,21,19,32,28,38,32,40,35,43,37,2026-09-28,2026-06-25T12:40:11,https://www.eloratings.net/fixtures.tsv
2026,9,28,AM,ME,ENC,AM,112,87,1373,1461,52.0,-1,19,21,29,31,34,36,36,39,39,41,2026-09-28,2026-06-25T12:40:11,https://www.eloratings.net/fixtures.tsv
2026,9,28,LV,CY,ENC,LV,139,131,1288,1314,60.0,-4,16,24,24,36,28,42,30,45,32,48,2026-09-28,2026-06-25T12:40:11,https://www.eloratings.net/fixtures.tsv
2026,9,29,CZ,EN,ENA,CZ,49,4,1680,2028,19.0,12,32,8,48,12,56,14,60,15,65,15,2026-09-29,2026-06-25T12:40:11,https://www.eloratings.net/fixtures.tsv
2026,9,29,ES,HR,ENA,ES,2,14,2134,1896,87.0,-15,5,35,8,52,9,61,9,66,10,70,2026-09-29,2026-06-25T12:40:11,https://www.eloratings.net/fixtures.tsv
2026,9,29,SQ,CH,ENB,SQ,33,12,1745,1914,40.0,4,24,16,36,24,42,28,45,30,48,32,2026-09-29,2026-06-25T12:40:11,https://www.eloratings.net/fixtures.tsv
2026,9,29,SI,NM,ENB,SI,47,66,1682,1589,75.0,-10,10,30,15,45,17,53,19,56,20,60,2026-09-29,2026-06-25T12:40:11,https://www.eloratings.net/fixtures.tsv
2026,9,29,BG,EE,ENC,BG,88,117,1458,1360,76.0,-10,10,30,15,45,17,53,18,57,19,61,2026-09-29,2026-06-25T12:40:11,https://www.eloratings.net/fixtures.tsv
2026,9,29,FI,BY,ENC,FI,77,80,1536,1522,66.0,-6,14,26,20,40,24,46,26,49,27,53,2026-09-29,2026-06-25T12:40:11,https://www.eloratings.net/fixtures.tsv
2026,9,29,LU,IS,ENC,LU,90,73,1450,1568,47.0,1,21,19,32,28,37,33,39,36,42,38,2026-09-29,2026-06-25T12:40:11,https://www.eloratings.net/fixtures.tsv
2026,9,29,MD,FO,ENC,MD,147,103,1270,1386,48.0,1,21,19,31,29,37,33,39,36,42,38,2026-09-29,2026-06-25T12:40:11,https://www.eloratings.net/fixtures.tsv
2026,9,29,SM,AL,ENC,SM,206,61,825,1616,1.8,19,39,1,59,1,69,1,74,1,79,1,2026-09-29,2026-06-25T12:40:11,https://www.eloratings.net/fixtures.tsv
2026,9,29,SK,KZ,ENC,SK,52,93,1667,1428,88.0,-15,5,35,7,53,9,61,9,66,10,70,2026-09-29,2026-06-25T12:40:11,https://www.eloratings.net/fixtures.tsv
2026,9,29,KW,OM,GLF,SA,127,83,1332,1480,30.0,8,28,12,42,18,49,21,53,22,56,24,2026-09-29,2026-06-25T12:40:11,https://www.eloratings.net/fixtures.tsv
2026,9,29,SA,IQ,GLF,SA,65,68,1593,1586,65.0,-6,14,26,21,39,25,45,26,49,28,52,2026-09-29,2026-06-25T12:40:11,https://www.eloratings.net/fixtures.tsv
2026,9,30,BH,YE,GLF,SA,98,160,1414,1195,78.0,-11,9,31,13,47,15,55,17,58,18,62,2026-09-30,2026-06-25T12:40:11,https://www.eloratings.net/fixtures.tsv
2026,9,30,QA,AE,GLF,SA,99,76,1411,1540,32.0,7,27,13,41,19,47,23,51,24,54,26,2026-09-30,2026-06-25T12:40:11,https://www.eloratings.net/fixtures.tsv
2026,10,1,DK,PT,ENA,DK,16,7,1869,1988,47.0,1,21,19,32,28,37,33,40,35,42,38,2026-10-01,2026-06-25T12:40:11,https://www.eloratings.net/fixtures.tsv
2026,10,1,DE,RS,ENA,DE,9,36,1954,1734,86.0,-15,5,35,8,52,10,60,10,65,11,69,2026-10-01,2026-06-25T12:40:11,https://www.eloratings.net/fixtures.tsv
2026,10,1,GR,NL,ENA,GR,34,8,1744,1972,32.0,7,27,13,41,19,47,23,51,24,54,26,2026-10-01,2026-06-25T12:40:11,https://www.eloratings.net/fixtures.tsv
2026,10,1,WA,NO,ENA,WA,47,10,1682,1951,27.0,9,29,11,44,16,51,19,54,21,58,22,2026-10-01,2026-06-25T12:40:11,https://www.eloratings.net/fixtures.tsv
2026,10,1,IE,AT,ENB,IE,45,21,1699,1841,44.0,2,22,18,34,26,39,31,42,33,45,35,2026-10-01,2026-06-25T12:40:11,https://www.eloratings.net/fixtures.tsv
2026,10,1,IL,KO,ENB,,55,42,1647,1714,40.0,4,24,16,36,24,42,28,45,30,48,32,2026-10-01,2026-06-25T12:40:11,https://www.eloratings.net/fixtures.tsv
2026,10,1,AZ,LI,END,AZ,129,200,1322,895,95.0,-18,2,38,3,57,3,67,3,72,4,76,2026-10-01,2026-06-25T12:40:11,https://www.eloratings.net/fixtures.tsv
2026,10,1,MT,GI,END,MT,149,183,1255,1011,88.0,-15,5,35,7,53,8,62,9,66,10,70,2026-10-01,2026-06-25T12:40:11,https://www.eloratings.net/fixtures.tsv
2026,10,2,BE,TR,ENA,BE,16,25,1869,1813,71.0,-8,12,28,17,43,20,50,22,53,23,57,2026-10-02,2026-06-25T12:40:11,https://www.eloratings.net/fixtures.tsv
2026,10,2,FR,IT,ENA,FR,3,16,2090,1869,86.0,-15,5,35,8,52,10,60,10,65,11,69,2026-10-02,2026-06-25T12:40:11,https://www.eloratings.net/fixtures.tsv
2026,10,2,BA,SE,ENB,BA,59,39,1622,1727,49.0,0,20,20,30,30,36,34,38,37,41,39,2026-10-02,2026-06-25T12:40:11,https://www.eloratings.net/fixtures.tsv
2026,10,2,HU,GE,ENB,HU,43,54,1710,1654,71.0,-8,12,28,17,43,20,50,22,53,23,57,2026-10-02,2026-06-25T12:40:11,https://www.eloratings.net/fixtures.tsv
2026,10,2,PL,RO,ENB,PL,43,56,1710,1639,73.0,-9,11,29,16,44,19,51,20,55,22,58,2026-10-02,2026-06-25T12:40:11,https://www.eloratings.net/fixtures.tsv
2026,10,2,UA,EI,ENB,,27,64,1780,1605,73.0,-9,11,29,16,44,19,51,20,55,21,59,2026-10-02,2026-06-25T12:40:11,https://www.eloratings.net/fixtures.tsv
2026,10,2,CY,AM,ENC,CY,131,112,1314,1373,56.0,-2,18,22,26,34,31,39,33,42,35,45,2026-10-02,2026-06-25T12:40:11,https://www.eloratings.net/fixtures.tsv
2026,10,2,FO,SK,ENC,FO,103,52,1386,1667,26.0,10,30,10,44,16,52,18,55,20,59,21,2026-10-02,2026-06-25T12:40:11,https://www.eloratings.net/fixtures.tsv
2026,10,2,KZ,MD,ENC,KZ,93,147,1428,1270,82.0,-13,7,33,11,49,13,57,14,61,15,65,2026-10-02,2026-06-25T12:40:11,https://www.eloratings.net/fixtures.tsv
2026,10,2,LV,ME,ENC,LV,139,87,1288,1461,40.0,4,24,16,36,24,42,28,45,30,48,32,2026-10-02,2026-06-25T12:40:11,https://www.eloratings.net/fixtures.tsv
2026,10,3,HR,EN,ENA,HR,14,4,1896,2028,45.0,2,22,18,33,27,38,32,41,34,44,36,2026-10-03,2026-06-25T12:40:11,https://www.eloratings.net/fixtures.tsv
2026,10,3,ES,CZ,ENA,ES,2,49,2134,1680,96.0,-18,2,38,2,58,3,67,3,72,3,77,2026-10-03,2026-06-25T12:40:11,https://www.eloratings.net/fixtures.tsv
2026,10,3,NM,SQ,ENB,NM,66,33,1589,1745,42.0,3,23,17,35,25,41,29,43,32,46,34,2026-10-03,2026-06-25T12:40:11,https://www.eloratings.net/fixtures.tsv
2026,10,3,CH,SI,ENB,CH,12,47,1914,1682,87.0,-15,5,35,8,52,9,61,10,65,10,70,2026-10-03,2026-06-25T12:40:11,https://www.eloratings.net/fixtures.tsv
2026,10,3,BY,SM,ENC,,80,206,1522,825,98.2,-19,1,39,1,59,1,69,1,74,1,79,2026-10-03,2026-06-25T12:40:11,https://www.eloratings.net/fixtures.tsv
2026,10,3,EE,LU,ENC,EE,117,90,1360,1450,51.0,-1,19,21,29,31,34,36,36,39,39,41,2026-10-03,2026-06-25T12:40:11,https://www.eloratings.net/fixtures.tsv
2026,10,3,FI,AL,ENC,FI,77,61,1536,1616,53.0,-1,19,21,28,32,33,37,35,40,38,42,2026-10-03,2026-06-25T12:40:11,https://www.eloratings.net/fixtures.tsv
2026,10,3,IS,BG,ENC,IS,73,88,1568,1458,77.0,-11,9,31,14,46,16,54,17,58,18,62,2026-10-03,2026-06-25T12:40:11,https://www.eloratings.net/fixtures.tsv
2026,10,4,GR,DE,ENA,GR,34,9,1744,1954,35.0,6,26,14,39,21,46,24,49,26,52,28,2026-10-04,2026-06-25T12:40:11,https://www.eloratings.net/fixtures.tsv
2026,10,4,NL,RS,ENA,NL,8,36,1972,1734,87.0,-15,5,35,8,52,9,61,9,66,10,70,2026-10-04,2026-06-25T12:40:11,https://www.eloratings.net/fixtures.tsv
2026,10,4,PT,NO,ENA,PT,7,10,1988,1951,69.0,-8,12,28,19,41,22,48,23,52,25,55,2026-10-04,2026-06-25T12:40:11,https://www.eloratings.net/fixtures.tsv
2026,10,4,WA,DK,ENA,WA,47,16,1682,1869,38.0,5,25,15,37,23,44,26,47,28,50,30,2026-10-04,2026-06-25T12:40:11,https://www.eloratings.net/fixtures.tsv
2026,10,4,IE,IL,ENB,IE,45,55,1699,1647,71.0,-8,12,28,18,42,21,49,22,53,24,56,2026-10-04,2026-06-25T12:40:11,https://www.eloratings.net/fixtures.tsv
2026,10,4,KO,AT,ENB,KO,42,21,1714,1841,46.0,2,22,18,32,28,38,32,40,35,43,37,2026-10-04,2026-06-25T12:40:11,https://www.eloratings.net/fixtures.tsv
2026,10,4,AZ,LT,END,AZ,129,146,1322,1279,69.0,-8,12,28,18,42,21,49,23,52,24,56,2026-10-04,2026-06-25T12:40:11,https://www.eloratings.net/fixtures.tsv
2026,10,4,MT,AD,END,MT,149,175,1255,1080,83.0,-13,7,33,10,50,12,58,13,62,14,66,2026-10-04,2026-06-25T12:40:11,https://www.eloratings.net/fixtures.tsv
2026,10,5,FR,BE,ENA,FR,3,16,2090,1869,86.0,-15,5,35,8,52,10,60,10,65,11,69,2026-10-05,2026-06-25T12:40:11,https://www.eloratings.net/fixtures.tsv
2026,10,5,IT,TR,ENA,IT,16,25,1869,1813,71.0,-8,12,28,17,43,20,50,22,53,23,57,2026-10-05,2026-06-25T12:40:11,https://www.eloratings.net/fixtures.tsv
2026,10,5,BA,PL,ENB,BA,59,43,1622,1710,52.0,-1,19,21,29,31,34,36,36,39,39,41,2026-10-05,2026-06-25T12:40:11,https://www.eloratings.net/fixtures.tsv
2026,10,5,EI,GE,ENB,EI,64,54,1605,1654,57.0,-3,17,23,26,34,30,40,32,43,34,46,2026-10-05,2026-06-25T12:40:11,https://www.eloratings.net/fixtures.tsv
2026,10,5,RO,SE,ENB,RO,56,39,1639,1727,52.0,-1,19,21,29,31,34,36,36,39,39,41,2026-10-05,2026-06-25T12:40:11,https://www.eloratings.net/fixtures.tsv
2026,10,5,UA,HU,ENB,,27,43,1780,1710,60.0,-4,16,24,24,36,28,42,30,45,32,48,2026-10-05,2026-06-25T12:40:11,https://www.eloratings.net/fixtures.tsv
2026,10,5,CY,LV,ENC,CY,131,139,1314,1288,67.0,-7,13,27,20,40,23,47,24,51,26,54,2026-10-05,2026-06-25T12:40:11,https://www.eloratings.net/fixtures.tsv
2026,10,5,ME,AM,ENC,ME,87,112,1461,1373,75.0,-10,10,30,15,45,18,52,19,56,20,60,2026-10-05,2026-06-25T12:40:11,https://www.eloratings.net/fixtures.tsv
2026,10,6,HR,ES,ENA,HR,14,2,1896,2134,31.0,8,28,12,41,19,48,22,52,23,55,25,2026-10-06,2026-06-25T12:40:11,https://www.eloratings.net/fixtures.tsv
2026,10,6,EN,CZ,ENA,EN,4,49,2028,1680,93.0,-17,3,37,4,56,5,65,5,70,6,74,2026-10-06,2026-06-25T12:40:11,https://www.eloratings.net/fixtures.tsv
2026,10,6,SQ,SI,ENB,SQ,33,47,1745,1682,72.0,-9,11,29,17,43,20,50,21,54,22,58,2026-10-06,2026-06-25T12:40:11,https://www.eloratings.net/fixtures.tsv
2026,10,6,CH,NM,ENB,CH,12,66,1914,1589,92.0,-17,3,37,5,55,6,64,6,69,6,74,2026-10-06,2026-06-25T12:40:11,https://www.eloratings.net/fixtures.tsv
2026,10,6,AL,SM,ENC,AL,61,206,1616,825,99.4,-20,0,40,0,60,0,70,0,75,0,80,2026-10-06,2026-06-25T12:40:11,https://www.eloratings.net/fixtures.tsv
2026,10,6,BY,FI,ENC,,80,77,1522,1536,48.0,1,21,19,31,29,36,34,39,36,42,38,2026-10-06,2026-06-25T12:40:11,https://www.eloratings.net/fixtures.tsv
2026,10,6,EE,IS,ENC,EE,117,73,1360,1568,35.0,6,26,14,39,21,46,24,49,26,52,28,2026-10-06,2026-06-25T12:40:11,https://www.eloratings.net/fixtures.tsv
2026,10,6,KZ,FO,ENC,KZ,93,103,1428,1386,69.0,-8,12,28,18,42,21,49,23,52,25,55,2026-10-06,2026-06-25T12:40:11,https://www.eloratings.net/fixtures.tsv
2026,10,6,LU,BG,ENC,LU,90,88,1450,1458,63.0,-5,15,25,22,38,26,44,28,47,30,50,2026-10-06,2026-06-25T12:40:11,https://www.eloratings.net/fixtures.tsv
2026,10,6,MD,SK,ENC,MD,147,52,1270,1667,15.0,14,34,6,51,9,59,11,64,11,68,12,2026-10-06,2026-06-25T12:40:11,https://www.eloratings.net/fixtures.tsv
2026,10,0,AO,MW,FQ,AO,75,151,1542,1239,91.0,-16,4,36,5,55,6,64,7,68,7,73,2026-10-01,2026-06-25T12:40:11,https://www.eloratings.net/fixtures.tsv
2026,10,0,BJ,MR,FQ,BJ,100,128,1405,1329,73.0,-9,11,29,16,44,19,51,20,55,21,59,2026-10-01,2026-06-25T12:40:11,https://www.eloratings.net/fixtures.tsv
2026,10,0,BW,TN,FQ,BW,148,71,1267,1570,24.0,11,31,9,46,14,53,17,57,18,61,19,2026-10-01,2026-06-25T12:40:11,https://www.eloratings.net/fixtures.tsv
2026,10,0,BI,DZ,FQ,BI,143,27,1285,1780,9.0,16,36,4,54,6,63,7,68,7,73,7,2026-10-01,2026-06-25T12:40:11,https://www.eloratings.net/fixtures.tsv
2026,10,0,CV,RW,FQ,CV,58,125,1625,1336,90.0,-16,4,36,6,54,7,63,7,68,8,72,2026-10-01,2026-06-25T12:40:11,https://www.eloratings.net/fixtures.tsv
2026,10,0,CF,BF,FQ,CF,153,78,1236,1529,25.0,10,30,10,45,15,53,17,56,19,60,20,2026-10-01,2026-06-25T12:40:11,https://www.eloratings.net/fixtures.tsv
2026,10,0,KM,,FQ,KM,111,135,1374,1303,73.0,-9,11,29,16,44,19,51,20,55,22,58,2026-10-01,2026-06-25T12:40:11,https://www.eloratings.net/fixtures.tsv
2026,10,0,CG,CM,FQ,CG,157,62,1207,1614,15.0,14,34,6,51,9,60,10,64,11,68,12,2026-10-01,2026-06-25T12:40:11,https://www.eloratings.net/fixtures.tsv
2026,10,0,GQ,SL,FQ,GQ,106,123,1380,1341,69.0,-8,12,28,19,41,22,48,23,52,25,55,2026-10-01,2026-06-25T12:40:11,https://www.eloratings.net/fixtures.tsv
2026,10,0,ER,ZA,FQ,ER,158,70,1201,1575,17.0,13,33,7,50,10,58,12,62,13,66,14,2026-10-01,2026-06-25T12:40:11,https://www.eloratings.net/fixtures.tsv
2026,10,0,ET,SN,FQ,ET,141,23,1287,1817,8.0,17,37,3,55,5,65,5,69,6,74,6,2026-10-01,2026-06-25T12:40:11,https://www.eloratings.net/fixtures.tsv
2026,10,0,GA,NE,FQ,GA,101,105,1401,1382,66.0,-7,13,27,20,40,23,47,25,50,27,53,2026-10-01,2026-06-25T12:40:11,https://www.eloratings.net/fixtures.tsv
2026,10,0,GH,GM,FQ,GH,69,97,1584,1419,82.0,-13,7,33,11,49,13,57,13,62,14,66,2026-10-01,2026-06-25T12:40:11,https://www.eloratings.net/fixtures.tsv
2026,10,0,GW,NG,FQ,GW,150,30,1248,1767,8.0,17,37,3,55,5,64,6,69,6,73,7,2026-10-01,2026-06-25T12:40:11,https://www.eloratings.net/fixtures.tsv
2026,10,0,GN,KE,FQ,GN,86,116,1463,1363,76.0,-10,10,30,14,46,17,53,18,57,19,61,2026-10-01,2026-06-25T12:40:11,https://www.eloratings.net/fixtures.tsv
2026,10,0,LS,MA,FQ,LS,159,15,1198,1877,3.0,19,39,1,58,2,68,2,72,3,77,3,2026-10-01,2026-06-25T12:40:11,https://www.eloratings.net/fixtures.tsv
2026,10,0,LR,ML,FQ,LR,134,67,1304,1588,26.0,10,30,10,45,15,52,18,56,19,59,21,2026-10-01,2026-06-25T12:40:11,https://www.eloratings.net/fixtures.tsv
2026,10,0,MG,TZ,FQ,MG,106,132,1380,1313,72.0,-9,11,29,17,43,19,51,21,54,22,58,2026-10-01,2026-06-25T12:40:11,https://www.eloratings.net/fixtures.tsv
2026,10,0,MZ,SD,FQ,MZ,121,119,1342,1350,63.0,-5,15,25,22,38,26,44,28,47,30,50,2026-10-01,2026-06-25T12:40:11,https://www.eloratings.net/fixtures.tsv
2026,10,0,SO,CI,FQ,SO,188,38,979,1728,2.0,19,39,1,59,1,68,2,73,2,78,2,2026-10-01,2026-06-25T12:40:11,https://www.eloratings.net/fixtures.tsv
2026,10,0,SS,EG,FQ,SS,171,35,1109,1740,4.0,18,38,2,57,3,67,3,72,3,76,4,2026-10-01,2026-06-25T12:40:11,https://www.eloratings.net/fixtures.tsv
2026,10,0,UG,LY,FQ,UG,102,96,1394,1420,60.0,-4,16,24,24,36,28,42,30,45,32,48,2026-10-01,2026-06-25T12:40:11,https://www.eloratings.net/fixtures.tsv
2026,10,0,ZM,TG,FQ,ZM,115,108,1371,1379,63.0,-5,15,25,22,38,26,44,28,47,30,50,2026-10-01,2026-06-25T12:40:11,https://www.eloratings.net/fixtures.tsv
2026,10,0,ZW,CD,FQ,ZW,113,53,1372,1666,25.0,10,30,10,45,15,53,17,57,18,60,20,2026-10-01,2026-06-25T12:40:11,https://www.eloratings.net/fixtures.tsv
2026,11,0,DZ,TG,FQ,DZ,27,108,1780,1379,95.0,-18,2,38,3,57,4,66,4,71,4,76,2026-11-01,2026-06-25T12:40:11,https://www.eloratings.net/fixtures.tsv
2026,11,0,AO,SS,FQ,AO,75,171,1542,1109,96.0,-18,2,38,3,57,3,67,3,72,4,76,2026-11-01,2026-06-25T12:40:11,https://www.eloratings.net/fixtures.tsv
2026,11,0,BJ,CF,FQ,BJ,100,153,1405,1236,82.0,-13,7,33,11,49,12,58,13,62,14,66,2026-11-01,2026-06-25T12:40:11,https://www.eloratings.net/fixtures.tsv
2026,11,0,BF,MR,FQ,BF,78,128,1529,1329,85.0,-14,6,34,9,51,11,59,11,64,12,68,2026-11-01,2026-06-25T12:40:11,https://www.eloratings.net/fixtures.tsv
2026,11,0,CM,,FQ,CM,62,135,1614,1303,91.0,-17,3,37,5,55,6,64,6,69,7,73,2026-11-01,2026-06-25T12:40:11,https://www.eloratings.net/fixtures.tsv
2026,11,0,CV,LR,FQ,CV,58,134,1625,1304,92.0,-17,3,37,5,55,6,64,6,69,7,73,2026-11-01,2026-06-25T12:40:11,https://www.eloratings.net/fixtures.tsv
2026,11,0,KM,CG,FQ,KM,111,157,1374,1207,82.0,-13,7,33,11,49,12,58,13,62,14,66,2026-11-01,2026-06-25T12:40:11,https://www.eloratings.net/fixtures.tsv
2026,11,0,CD,SL,FQ,CD,53,123,1666,1341,92.0,-17,3,37,5,55,6,64,6,69,6,74,2026-11-01,2026-06-25T12:40:11,https://www.eloratings.net/fixtures.tsv
2026,11,0,EG,MW,FQ,EG,35,151,1740,1239,97.0,-19,1,39,2,58,2,68,2,73,2,78,2026-11-01,2026-06-25T12:40:11,https://www.eloratings.net/fixtures.tsv
2026,11,0,GQ,ZW,FQ,GQ,106,113,1380,1372,65.0,-6,14,26,21,39,24,46,26,49,28,52,2026-11-01,2026-06-25T12:40:11,https://www.eloratings.net/fixtures.tsv
2026,11,0,GA,LS,FQ,GA,101,159,1401,1198,85.0,-14,6,34,9,51,10,60,11,64,12,68,2026-11-01,2026-06-25T12:40:11,https://www.eloratings.net/fixtures.tsv
2026,11,0,GH,SO,FQ,GH,69,188,1584,979,98.3,-19,1,39,1,59,1,69,1,74,1,79,2026-11-01,2026-06-25T12:40:11,https://www.eloratings.net/fixtures.tsv
2026,11,0,GN,ER,FQ,GN,86,158,1463,1201,89.0,-16,4,36,7,53,8,62,8,67,9,71,2026-11-01,2026-06-25T12:40:11,https://www.eloratings.net/fixtures.tsv
2026,11,0,CI,GM,FQ,CI,38,97,1728,1419,91.0,-17,3,37,5,55,6,64,7,68,7,73,2026-11-01,2026-06-25T12:40:11,https://www.eloratings.net/fixtures.tsv
2026,11,0,MG,GW,FQ,MG,106,150,1380,1248,79.0,-12,8,32,12,48,15,55,16,59,17,63,2026-11-01,2026-06-25T12:40:11,https://www.eloratings.net/fixtures.tsv
2026,11,0,ML,RW,FQ,ML,67,125,1588,1336,88.0,-15,5,35,7,53,8,62,9,66,9,71,2026-11-01,2026-06-25T12:40:11,https://www.eloratings.net/fixtures.tsv
2026,11,0,MA,NE,FQ,MA,15,105,1877,1382,97.0,-19,1,39,2,58,2,68,2,73,3,77,2026-11-01,2026-06-25T12:40:11,https://www.eloratings.net/fixtures.tsv
2026,11,0,MZ,ET,FQ,MZ,121,141,1342,1287,71.0,-8,12,28,17,43,20,50,22,53,23,57,2026-11-01,2026-06-25T12:40:11,https://www.eloratings.net/fixtures.tsv
2026,11,0,NG,TZ,FQ,NG,30,132,1767,1313,96.0,-18,2,38,2,58,3,67,3,72,3,77,2026-11-01,2026-06-25T12:40:11,https://www.eloratings.net/fixtures.tsv
2026,11,0,SN,SD,FQ,SN,23,119,1817,1350,96.0,-19,1,39,2,58,3,67,3,72,3,77,2026-11-01,2026-06-25T12:40:11,https://www.eloratings.net/fixtures.tsv
2026,11,0,ZA,KE,FQ,ZA,70,116,1575,1363,86.0,-14,6,34,9,51,10,60,11,64,11,69,2026-11-01,2026-06-25T12:40:11,https://www.eloratings.net/fixtures.tsv
2026,11,0,TN,LY,FQ,TN,71,96,1570,1420,81.0,-12,8,32,12,48,13,57,14,61,15,65,2026-11-01,2026-06-25T12:40:11,https://www.eloratings.net/fixtures.tsv
2026,11,0,UG,BW,FQ,UG,102,148,1394,1267,79.0,-11,9,31,13,47,15,55,16,59,17,63,2026-11-01,2026-06-25T12:40:11,https://www.eloratings.net/fixtures.tsv
2026,11,0,ZM,BI,FQ,ZM,115,143,1371,1285,74.0,-10,10,30,15,45,18,52,19,56,20,60,2026-11-01,2026-06-25T12:40:11,https://www.eloratings.net/fixtures.tsv
2026,11,12,CZ,ES,ENA,CZ,49,2,1680,2134,12.0,15,35,5,53,7,62,8,66,9,71,9,2026-11-12,2026-06-25T12:40:11,https://www.eloratings.net/fixtures.tsv
2026,11,12,EN,HR,ENA,EN,4,14,2028,1896,79.0,-12,8,32,12,48,15,55,16,59,17,63,2026-11-12,2026-06-25T12:40:11,https://www.eloratings.net/fixtures.tsv
2026,11,12,IT,FR,ENA,IT,16,3,1869,2090,33.0,7,27,13,40,20,47,23,50,25,53,27,2026-11-12,2026-06-25T12:40:11,https://www.eloratings.net/fixtures.tsv
2026,11,12,TR,BE,ENA,TR,25,16,1813,1869,56.0,-3,17,23,26,34,31,39,33,42,35,45,2026-11-12,2026-06-25T12:40:11,https://www.eloratings.net/fixtures.tsv
2026,11,12,AL,FI,ENC,AL,61,77,1616,1536,74.0,-10,10,30,16,44,18,52,20,55,21,59,2026-11-12,2026-06-25T12:40:11,https://www.eloratings.net/fixtures.tsv
2026,11,12,AM,CY,ENC,AM,112,131,1373,1314,71.0,-9,11,29,17,43,20,50,21,54,23,57,2026-11-12,2026-06-25T12:40:11,https://www.eloratings.net/fixtures.tsv
2026,11,12,ME,LV,ENC,ME,87,139,1461,1288,83.0,-13,7,33,10,50,12,58,13,62,14,66,2026-11-12,2026-06-25T12:40:11,https://www.eloratings.net/fixtures.tsv
2026,11,12,SM,BY,ENC,SM,206,80,825,1522,3.0,19,39,1,58,2,68,2,73,2,78,2,2026-11-12,2026-06-25T12:40:11,https://www.eloratings.net/fixtures.tsv
2026,11,13,NL,GR,ENA,NL,8,34,1972,1744,87.0,-15,5,35,8,52,9,61,10,65,11,69,2026-11-13,2026-06-25T12:40:11,https://www.eloratings.net/fixtures.tsv
2026,11,13,RS,DE,ENA,RS,36,9,1734,1954,33.0,7,27,13,40,20,47,23,50,25,53,27,2026-11-13,2026-06-25T12:40:11,https://www.eloratings.net/fixtures.tsv
2026,11,13,SQ,NM,ENB,SQ,33,66,1745,1589,81.0,-13,7,33,11,49,13,57,14,61,15,65,2026-11-13,2026-06-25T12:40:11,https://www.eloratings.net/fixtures.tsv
2026,11,13,SI,CH,ENB,SI,47,12,1682,1914,32.0,7,27,13,41,19,48,22,51,24,55,25,2026-11-13,2026-06-25T12:40:11,https://www.eloratings.net/fixtures.tsv
2026,11,13,BG,IS,ENC,BG,88,73,1458,1568,49.0,1,21,19,31,29,36,34,39,36,41,39,2026-11-13,2026-06-25T12:40:11,https://www.eloratings.net/fixtures.tsv
2026,11,13,LU,EE,ENC,LU,90,117,1450,1360,75.0,-10,10,30,15,45,18,52,19,56,20,60,2026-11-13,2026-06-25T12:40:11,https://www.eloratings.net/fixtures.tsv
2026,11,13,MD,KZ,ENC,MD,147,93,1270,1428,42.0,3,23,17,35,25,41,29,44,31,47,33,2026-11-13,2026-06-25T12:40:11,https://www.eloratings.net/fixtures.tsv
2026,11,13,SK,FO,ENC,SK,52,103,1667,1386,90.0,-16,4,36,6,54,7,63,8,67,8,72,2026-11-13,2026-06-25T12:40:11,https://www.eloratings.net/fixtures.tsv
2026,11,13,AD,GI,END,AD,175,183,1080,1011,73.0,-9,11,29,16,44,19,51,21,54,22,58,2026-11-13,2026-06-25T12:40:11,https://www.eloratings.net/fixtures.tsv
2026,11,13,LI,AZ,END,LI,200,129,895,1322,13.0,15,35,5,52,8,61,9,65,10,69,11,2026-11-13,2026-06-25T12:40:11,https://www.eloratings.net/fixtures.tsv
2026,11,14,NO,WA,ENA,NO,10,47,1951,1682,89.0,-16,4,36,6,54,7,63,8,67,9,71,2026-11-14,2026-06-25T12:40:11,https://www.eloratings.net/fixtures.tsv
2026,11,14,PT,DK,ENA,PT,7,16,1988,1869,78.0,-11,9,31,13,47,15,55,17,58,18,62,2026-11-14,2026-06-25T12:40:11,https://www.eloratings.net/fixtures.tsv
2026,11,14,AT,IE,ENB,AT,21,45,1841,1699,80.0,-12,8,32,12,48,14,56,15,60,16,64,2026-11-14,2026-06-25T12:40:11,https://www.eloratings.net/fixtures.tsv
2026,11,14,GE,HU,ENB,GE,54,43,1654,1710,56.0,-3,17,23,26,34,31,39,33,42,35,45,2026-11-14,2026-06-25T12:40:11,https://www.eloratings.net/fixtures.tsv
2026,11,14,KO,IL,ENB,KO,42,55,1714,1647,72.0,-9,11,29,17,43,19,51,21,54,22,58,2026-11-14,2026-06-25T12:40:11,https://www.eloratings.net/fixtures.tsv
2026,11,14,EI,UA,ENB,EI,64,27,1605,1780,39.0,4,24,16,36,24,42,28,45,30,49,31,2026-11-14,2026-06-25T12:40:11,https://www.eloratings.net/fixtures.tsv
2026,11,14,RO,PL,ENB,RO,56,43,1639,1710,54.0,-2,18,22,28,32,32,38,34,41,37,43,2026-11-14,2026-06-25T12:40:11,https://www.eloratings.net/fixtures.tsv
2026,11,14,SE,BA,ENB,SE,39,59,1727,1622,76.0,-11,9,31,14,46,16,54,18,57,19,61,2026-11-14,2026-06-25T12:40:11,https://www.eloratings.net/fixtures.tsv
2026,11,15,BE,IT,ENA,BE,16,16,1869,1869,64.0,-6,14,26,22,38,25,45,27,48,29,51,2026-11-15,2026-06-25T12:40:11,https://www.eloratings.net/fixtures.tsv
2026,11,15,HR,CZ,ENA,HR,14,49,1896,1680,86.0,-14,6,34,8,52,10,60,10,65,11,69,2026-11-15,2026-06-25T12:40:11,https://www.eloratings.net/fixtures.tsv
2026,11,15,FR,TR,ENA,FR,3,25,2090,1813,90.0,-16,4,36,6,54,7,63,8,67,8,72,2026-11-15,2026-06-25T12:40:11,https://www.eloratings.net/fixtures.tsv
2026,11,15,ES,EN,ENA,ES,2,4,2134,2028,77.0,-11,9,31,14,46,16,54,18,57,19,61,2026-11-15,2026-06-25T12:40:11,https://www.eloratings.net/fixtures.tsv
2026,11,15,BY,AL,ENC,,80,61,1522,1616,37.0,5,25,15,38,22,44,26,47,28,51,29,2026-11-15,2026-06-25T12:40:11,https://www.eloratings.net/fixtures.tsv
2026,11,15,CY,ME,ENC,CY,131,87,1314,1461,43.0,3,23,17,34,26,40,30,43,32,45,35,2026-11-15,2026-06-25T12:40:11,https://www.eloratings.net/fixtures.tsv
2026,11,15,FI,SM,ENC,FI,77,206,1536,825,99.1,-20,0,40,1,59,1,69,1,74,1,79,2026-11-15,2026-06-25T12:40:11,https://www.eloratings.net/fixtures.tsv
2026,11,15,LV,AM,ENC,LV,139,112,1288,1373,52.0,-1,19,21,29,31,33,37,36,39,38,42,2026-11-15,2026-06-25T12:40:11,https://www.eloratings.net/fixtures.tsv
2026,11,16,DE,NL,ENA,DE,9,8,1954,1972,62.0,-5,15,25,23,37,27,43,29,46,31,49,2026-11-16,2026-06-25T12:40:11,https://www.eloratings.net/fixtures.tsv
2026,11,16,GR,RS,ENA,GR,34,36,1744,1734,65.0,-6,14,26,21,39,24,46,26,49,28,52,2026-11-16,2026-06-25T12:40:11,https://www.eloratings.net/fixtures.tsv
2026,11,16,NM,SI,ENB,NM,66,47,1589,1682,51.0,0,20,20,29,31,34,36,37,38,39,41,2026-11-16,2026-06-25T12:40:11,https://www.eloratings.net/fixtures.tsv
2026,11,16,CH,SQ,ENB,CH,12,33,1914,1745,82.0,-13,7,33,11,49,12,58,13,62,14,66,2026-11-16,2026-06-25T12:40:11,https://www.eloratings.net/fixtures.tsv
2026,11,16,EE,BG,ENC,EE,117,88,1360,1458,50.0,0,20,20,30,30,35,35,37,38,40,40,2026-11-16,2026-06-25T12:40:11,https://www.eloratings.net/fixtures.tsv
2026,11,16,FO,MD,ENC,FO,103,147,1386,1270,78.0,-11,9,31,13,47,16,54,17,58,18,62,2026-11-16,2026-06-25T12:40:11,https://www.eloratings.net/fixtures.tsv
2026,11,16,IS,LU,ENC,IS,73,90,1568,1450,78.0,-11,9,31,13,47,16,54,17,58,18,62,2026-11-16,2026-06-25T12:40:11,https://www.eloratings.net/fixtures.tsv
2026,11,16,KZ,SK,ENC,KZ,93,52,1428,1667,31.0,8,28,12,41,19,48,22,52,23,55,25,2026-11-16,2026-06-25T12:40:11,https://www.eloratings.net/fixtures.tsv
2026,11,16,GI,MT,END,GI,183,149,1011,1255,30.0,8,28,12,42,18,49,21,52,23,56,24,2026-11-16,2026-06-25T12:40:11,https://www.eloratings.net/fixtures.tsv
2026,11,16,LT,LI,END,LT,146,200,1279,895,94.0,-18,2,38,3,57,4,66,4,71,5,75,2026-11-16,2026-06-25T12:40:11,https://www.eloratings.net/fixtures.tsv
2026,11,17,DK,NO,ENA,DK,16,10,1869,1951,53.0,-1,19,21,28,32,33,37,36,39,38,42,2026-11-17,2026-06-25T12:40:11,https://www.eloratings.net/fixtures.tsv
2026,11,17,WA,PT,ENA,WA,47,7,1682,1988,23.0,11,31,9,46,14,54,16,57,18,61,19,2026-11-17,2026-06-25T12:40:11,https://www.eloratings.net/fixtures.tsv
2026,11,17,AT,IL,ENB,,21,55,1841,1647,75.0,-10,10,30,15,45,17,53,18,57,20,60,2026-11-17,2026-06-25T12:40:11,https://www.eloratings.net/fixtures.tsv
2026,11,17,BA,RO,ENB,BA,59,56,1622,1639,62.0,-5,15,25,23,37,27,43,29,46,31,49,2026-11-17,2026-06-25T12:40:11,https://www.eloratings.net/fixtures.tsv
2026,11,17,HU,EI,ENB,HU,43,64,1710,1605,76.0,-11,9,31,14,46,16,54,18,57,19,61,2026-11-17,2026-06-25T12:40:11,https://www.eloratings.net/fixtures.tsv
2026,11,17,IE,KO,ENB,IE,45,42,1699,1714,62.0,-5,15,25,23,37,27,43,29,46,30,50,2026-11-17,2026-06-25T12:40:11,https://www.eloratings.net/fixtures.tsv
2026,11,17,PL,SE,ENB,PL,43,39,1710,1727,62.0,-5,15,25,23,37,27,43,29,46,31,49,2026-11-17,2026-06-25T12:40:11,https://www.eloratings.net/fixtures.tsv
2026,11,17,UA,GE,ENB,,27,54,1780,1654,67.0,-7,13,27,20,40,23,47,24,51,26,54,2026-11-17,2026-06-25T12:40:11,https://www.eloratings.net/fixtures.tsv
2026,11,0,BW,UG,FQ,BW,148,102,1267,1394,46.0,2,22,18,32,28,38,32,40,35,43,37,2026-11-01,2026-06-25T12:40:11,https://www.eloratings.net/fixtures.tsv
2026,11,0,BI,ZM,FQ,BI,143,115,1285,1371,52.0,-1,19,21,29,31,34,36,36,39,38,42,2026-11-01,2026-06-25T12:40:11,https://www.eloratings.net/fixtures.tsv
2026,11,0,CF,BJ,FQ,CF,153,100,1236,1405,40.0,4,24,16,36,24,42,28,45,30,48,32,2026-11-01,2026-06-25T12:40:11,https://www.eloratings.net/fixtures.tsv
2026,11,0,CG,KM,FQ,CG,157,111,1207,1374,40.0,4,24,16,36,24,42,28,45,30,48,32,2026-11-01,2026-06-25T12:40:11,https://www.eloratings.net/fixtures.tsv
2026,11,0,ER,GN,FQ,ER,158,86,1201,1463,28.0,9,29,11,43,17,50,20,54,21,57,23,2026-11-01,2026-06-25T12:40:11,https://www.eloratings.net/fixtures.tsv
2026,11,0,ET,MZ,FQ,ET,141,121,1287,1342,56.0,-3,17,23,26,34,30,40,33,42,35,45,2026-11-01,2026-06-25T12:40:11,https://www.eloratings.net/fixtures.tsv
2026,11,0,GM,CI,FQ,GM,97,38,1419,1728,23.0,11,31,9,46,14,54,16,58,17,62,18,2026-11-01,2026-06-25T12:40:11,https://www.eloratings.net/fixtures.tsv
2026,11,0,GW,MG,FQ,GW,150,106,1248,1380,45.0,2,22,18,33,27,38,32,41,34,44,36,2026-11-01,2026-06-25T12:40:11,https://www.eloratings.net/fixtures.tsv
2026,11,0,KE,ZA,FQ,KE,116,70,1363,1575,34.0,6,26,14,39,21,46,24,49,26,52,28,2026-11-01,2026-06-25T12:40:11,https://www.eloratings.net/fixtures.tsv
2026,11,0,LS,GA,FQ,LS,159,101,1198,1401,36.0,6,26,14,39,21,45,25,48,27,52,28,2026-11-01,2026-06-25T12:40:11,https://www.eloratings.net/fixtures.tsv
2026,11,0,LR,CV,FQ,LR,134,58,1304,1625,22.0,11,31,9,47,13,55,15,59,16,62,18,2026-11-01,2026-06-25T12:40:11,https://www.eloratings.net/fixtures.tsv
2026,11,0,LY,TN,FQ,LY,96,71,1420,1570,43.0,3,23,17,34,26,40,30,43,32,46,34,2026-11-01,2026-06-25T12:40:11,https://www.eloratings.net/fixtures.tsv
2026,11,0,MW,EG,FQ,MW,151,35,1239,1740,9.0,16,36,4,55,5,64,6,68,7,73,7,2026-11-01,2026-06-25T12:40:11,https://www.eloratings.net/fixtures.tsv
2026,11,0,MR,BF,FQ,MR,128,78,1329,1529,36.0,6,26,14,38,22,45,25,48,27,51,29,2026-11-01,2026-06-25T12:40:11,https://www.eloratings.net/fixtures.tsv
2026,11,0,,CM,FQ,,135,62,1303,1614,23.0,11,31,9,46,14,54,16,58,17,62,18,2026-11-01,2026-06-25T12:40:11,https://www.eloratings.net/fixtures.tsv
2026,11,0,NE,MA,FQ,NE,105,15,1382,1877,9.0,16,36,4,54,6,63,7,68,7,73,7,2026-11-01,2026-06-25T12:40:11,https://www.eloratings.net/fixtures.tsv
2026,11,0,RW,ML,FQ,RW,125,67,1336,1588,29.0,8,28,12,42,18,49,21,53,22,56,24,2026-11-01,2026-06-25T12:40:11,https://www.eloratings.net/fixtures.tsv
2026,11,0,SL,CD,FQ,SL,123,53,1341,1666,21.0,11,31,9,47,13,55,15,59,16,63,17,2026-11-01,2026-06-25T12:40:11,https://www.eloratings.net/fixtures.tsv
2026,11,0,SO,GH,FQ,SO,188,69,979,1584,5.0,18,38,2,57,3,66,4,71,4,76,4,2026-11-01,2026-06-25T12:40:11,https://www.eloratings.net/fixtures.tsv
2026,11,0,SS,AO,FQ,SS,171,75,1109,1542,13.0,15,35,5,52,8,61,9,65,10,70,10,2026-11-01,2026-06-25T12:40:11,https://www.eloratings.net/fixtures.tsv
2026,11,0,SD,SN,FQ,SD,119,23,1350,1817,11.0,16,36,4,54,6,62,8,67,8,71,9,2026-11-01,2026-06-25T12:40:11,https://www.eloratings.net/fixtures.tsv
2026,11,0,TZ,NG,FQ,TZ,132,30,1313,1767,12.0,15,35,5,53,7,62,8,66,9,71,9,2026-11-01,2026-06-25T12:40:11,https://www.eloratings.net/fixtures.tsv
2026,11,0,TG,DZ,FQ,TG,108,27,1379,1780,15.0,14,34,6,51,9,59,11,64,11,68,12,2026-11-01,2026-06-25T12:40:11,https://www.eloratings.net/fixtures.tsv
2026,11,0,ZW,GQ,FQ,ZW,113,106,1372,1380,63.0,-5,15,25,22,38,26,44,28,47,30,50,2026-11-01,2026-06-25T12:40:11,https://www.eloratings.net/fixtures.tsv
2027,1,7,SA,PS,AC,SA,65,85,1593,1465,79.0,-14,11,39,16,59,19,69,20,74,21,79,2027-01-07,2026-06-25T12:40:11,https://www.eloratings.net/fixtures.tsv
2027,1,8,BH,KP,AC,SA,98,110,1414,1375,56.0,-3,22,28,33,42,39,49,42,52,44,56,2027-01-08,2026-06-25T12:40:11,https://www.eloratings.net/fixtures.tsv
2027,1,8,KW,OM,AC,SA,127,83,1332,1480,30.0,10,35,15,53,22,61,26,66,28,70,30,2027-01-08,2026-06-25T12:40:11,https://www.eloratings.net/fixtures.tsv
2027,1,8,UZ,JO,AC,SA,50,57,1677,1632,56.0,-3,22,28,33,42,38,49,41,53,44,56,2027-01-08,2026-06-25T12:40:11,https://www.eloratings.net/fixtures.tsv
2027,1,9,AU,SG,AC,SA,26,167,1799,1134,98.0,-24,1,49,2,73,2,86,2,92,2,98,2027-01-09,2026-06-25T12:40:11,https://www.eloratings.net/fixtures.tsv
2027,1,9,IR,CN,AC,SA,31,94,1766,1424,88.0,-19,6,44,9,66,11,77,11,82,12,88,2027-01-09,2026-06-25T12:40:11,https://www.eloratings.net/fixtures.tsv
2027,1,9,SY,KG,AC,SA,84,136,1479,1295,74.0,-12,13,37,19,56,23,65,24,70,26,74,2027-01-09,2026-06-25T12:40:11,https://www.eloratings.net/fixtures.tsv
2027,1,10,KR,YE,AC,SA,40,160,1723,1195,95.0,-23,2,48,3,72,4,84,4,89,5,95,2027-01-10,2026-06-25T12:40:11,https://www.eloratings.net/fixtures.tsv
2027,1,10,TJ,IQ,AC,SA,143,68,1285,1586,15.0,17,42,8,64,11,74,13,80,14,85,15,2027-01-10,2026-06-25T12:40:11,https://www.eloratings.net/fixtures.tsv
2027,1,10,AE,VN,AC,SA,76,118,1540,1351,75.0,-12,13,37,19,56,22,65,24,70,25,75,2027-01-10,2026-06-25T12:40:11,https://www.eloratings.net/fixtures.tsv
2027,1,11,JP,ID,AC,SA,11,113,1925,1372,96.0,-23,2,48,3,72,3,84,4,90,4,96,2027-01-11,2026-06-25T12:40:11,https://www.eloratings.net/fixtures.tsv
2027,1,11,QA,TH,AC,SA,99,109,1411,1376,55.0,-3,22,28,34,41,39,48,42,52,45,55,2027-01-11,2026-06-25T12:40:11,https://www.eloratings.net/fixtures.tsv
2027,1,12,PS,KW,AC,SA,85,127,1465,1332,68.0,-9,16,34,24,51,28,60,30,64,32,68,2027-01-12,2026-06-25T12:40:11,https://www.eloratings.net/fixtures.tsv
2027,1,12,SA,OM,AC,SA,65,83,1593,1480,77.0,-14,11,39,17,58,20,68,21,72,23,77,2027-01-12,2026-06-25T12:40:11,https://www.eloratings.net/fixtures.tsv
2027,1,13,JO,BH,AC,SA,57,98,1632,1414,78.0,-14,11,39,17,58,19,68,21,73,22,78,2027-01-13,2026-06-25T12:40:11,https://www.eloratings.net/fixtures.tsv
2027,1,13,KG,IR,AC,SA,136,31,1295,1766,6.0,22,47,3,70,5,82,5,88,6,94,6,2027-01-13,2026-06-25T12:40:11,https://www.eloratings.net/fixtures.tsv
2027,1,13,KP,UZ,AC,SA,110,50,1375,1677,15.0,18,43,7,64,11,74,13,80,14,85,15,2027-01-13,2026-06-25T12:40:11,https://www.eloratings.net/fixtures.tsv
2027,1,14,CN,SY,AC,SA,94,84,1424,1479,42.0,4,29,21,43,32,51,37,54,40,58,42,2027-01-14,2026-06-25T12:40:11,https://www.eloratings.net/fixtures.tsv
2027,1,14,IQ,AU,AC,SA,68,26,1586,1799,23.0,14,39,11,58,17,68,20,72,21,77,23,2027-01-14,2026-06-25T12:40:11,https://www.eloratings.net/fixtures.tsv
2027,1,14,SG,TJ,AC,SA,167,143,1134,1285,30.0,10,35,15,53,22,62,26,66,28,70,30,2027-01-14,2026-06-25T12:40:11,https://www.eloratings.net/fixtures.tsv
2027,1,15,AE,YE,AC,SA,76,160,1540,1195,88.0,-19,6,44,9,66,11,77,11,82,12,88,2027-01-15,2026-06-25T12:40:11,https://www.eloratings.net/fixtures.tsv
2027,1,15,VN,KR,AC,SA,118,40,1351,1723,11.0,20,45,5,67,8,78,9,84,10,89,11,2027-01-15,2026-06-25T12:40:11,https://www.eloratings.net/fixtures.tsv
2027,1,16,ID,QA,AC,SA,113,99,1372,1411,44.0,3,28,22,42,33,49,39,52,42,56,44,2027-01-16,2026-06-25T12:40:11,https://www.eloratings.net/fixtures.tsv
2027,1,16,TH,JP,AC,SA,109,11,1376,1925,4.0,23,48,2,72,3,84,4,90,4,96,4,2027-01-16,2026-06-25T12:40:11,https://www.eloratings.net/fixtures.tsv
2027,1,17,OM,PS,AC,SA,83,85,1480,1465,52.0,-1,24,26,36,39,42,46,45,49,48,52,2027-01-17,2026-06-25T12:40:11,https://www.eloratings.net/fixtures.tsv
2027,1,17,SA,KW,AC,SA,65,127,1593,1332,89.0,-19,6,44,8,67,10,78,10,83,11,89,2027-01-17,2026-06-25T12:40:11,https://www.eloratings.net/fixtures.tsv
2027,1,18,IR,SY,AC,SA,31,84,1766,1479,84.0,-17,8,42,12,63,14,73,15,79,16,84,2027-01-18,2026-06-25T12:40:11,https://www.eloratings.net/fixtures.tsv
2027,1,18,KG,CN,AC,SA,136,94,1295,1424,32.0,9,34,16,51,24,59,28,64,30,68,32,2027-01-18,2026-06-25T12:40:11,https://www.eloratings.net/fixtures.tsv
2027,1,18,KP,JO,AC,SA,110,57,1375,1632,19.0,16,41,9,61,14,71,16,76,17,81,19,2027-01-18,2026-06-25T12:40:11,https://www.eloratings.net/fixtures.tsv
2027,1,18,UZ,BH,AC,SA,50,98,1677,1414,82.0,-16,9,41,14,61,16,72,17,77,18,82,2027-01-18,2026-06-25T12:40:11,https://www.eloratings.net/fixtures.tsv
2027,1,19,AU,TJ,AC,SA,26,143,1799,1285,95.0,-23,2,48,4,71,4,83,5,89,5,95,2027-01-19,2026-06-25T12:40:11,https://www.eloratings.net/fixtures.tsv
2027,1,19,IQ,SG,AC,SA,68,167,1586,1134,93.0,-22,3,47,5,70,6,81,6,87,7,93,2027-01-19,2026-06-25T12:40:11,https://www.eloratings.net/fixtures.tsv
2027,1,20,JP,QA,AC,SA,11,99,1925,1411,95.0,-23,2,48,4,71,4,83,5,89,5,95,2027-01-20,2026-06-25T12:40:11,https://www.eloratings.net/fixtures.tsv
2027,1,20,KR,AE,AC,SA,40,76,1723,1540,74.0,-12,13,37,19,56,23,65,24,70,26,74,2027-01-20,2026-06-25T12:40:11,https://www.eloratings.net/fixtures.tsv
2027,1,20,TH,ID,AC,SA,109,113,1376,1372,51.0,0,25,25,37,38,43,44,46,47,49,51,2027-01-20,2026-06-25T12:40:11,https://www.eloratings.net/fixtures.tsv
2027,1,20,VN,YE,AC,SA,118,160,1351,1195,71.0,-11,14,36,22,53,25,62,27,67,29,71,2027-01-20,2026-06-25T12:40:11,https://www.eloratings.net/fixtures.tsv
2027,3,0,AO,EG,FQ,AO,75,35,1542,1740,36.0,5,25,15,38,22,45,25,48,27,51,29,2027-03-01,2026-06-25T12:40:11,https://www.eloratings.net/fixtures.tsv
2027,3,0,BJ,BF,FQ,BJ,100,78,1405,1529,47.0,1,21,19,32,28,37,33,40,35,43,37,2027-03-01,2026-06-25T12:40:11,https://www.eloratings.net/fixtures.tsv
2027,3,0,BW,LY,FQ,BW,148,96,1267,1420,42.0,3,23,17,35,25,40,30,43,32,46,34,2027-03-01,2026-06-25T12:40:11,https://www.eloratings.net/fixtures.tsv
2027,3,0,BI,TG,FQ,BI,143,108,1285,1379,51.0,0,20,20,29,31,34,36,37,38,39,41,2027-03-01,2026-06-25T12:40:11,https://www.eloratings.net/fixtures.tsv
2027,3,0,CV,ML,FQ,CV,58,67,1625,1588,69.0,-8,12,28,19,41,22,48,23,52,25,55,2027-03-01,2026-06-25T12:40:11,https://www.eloratings.net/fixtures.tsv
2027,3,0,CF,MR,FQ,CF,153,128,1236,1329,51.0,0,20,20,29,31,34,36,37,38,39,41,2027-03-01,2026-06-25T12:40:11,https://www.eloratings.net/fixtures.tsv
2027,3,0,KM,CM,FQ,KM,111,62,1374,1614,31.0,8,28,12,41,19,48,22,52,23,55,25,2027-03-01,2026-06-25T12:40:11,https://www.eloratings.net/fixtures.tsv
2027,3,0,CG,,FQ,CG,157,135,1207,1303,51.0,0,20,20,30,30,35,35,37,38,40,40,2027-03-01,2026-06-25T12:40:11,https://www.eloratings.net/fixtures.tsv
2027,3,0,GQ,CD,FQ,GQ,106,53,1380,1666,26.0,10,30,10,45,15,52,18,56,19,60,20,2027-03-01,2026-06-25T12:40:11,https://www.eloratings.net/fixtures.tsv
2027,3,0,ER,KE,FQ,ER,158,116,1201,1363,41.0,4,24,16,35,25,41,29,44,31,47,33,2027-03-01,2026-06-25T12:40:11,https://www.eloratings.net/fixtures.tsv
2027,3,0,ET,SD,FQ,ET,141,119,1287,1350,55.0,-2,18,22,27,33,31,39,34,41,36,44,2027-03-01,2026-06-25T12:40:11,https://www.eloratings.net/fixtures.tsv
2027,3,0,GA,MA,FQ,GA,101,15,1401,1877,10.0,16,36,4,54,6,63,7,67,8,72,8,2027-03-01,2026-06-25T12:40:11,https://www.eloratings.net/fixtures.tsv
2027,3,0,GH,CI,FQ,GH,69,38,1584,1728,44.0,3,23,17,34,26,39,31,42,33,45,35,2027-03-01,2026-06-25T12:40:11,https://www.eloratings.net/fixtures.tsv
2027,3,0,GW,TZ,FQ,GW,150,132,1248,1313,55.0,-2,18,22,27,33,31,39,34,41,36,44,2027-03-01,2026-06-25T12:40:11,https://www.eloratings.net/fixtures.tsv
2027,3,0,GN,ZA,FQ,GN,86,70,1463,1575,48.0,1,21,19,31,29,36,34,39,36,41,39,2027-03-01,2026-06-25T12:40:11,https://www.eloratings.net/fixtures.tsv
2027,3,0,LS,NE,FQ,LS,159,105,1198,1382,38.0,5,25,15,37,23,43,27,46,29,49,31,2027-03-01,2026-06-25T12:40:11,https://www.eloratings.net/fixtures.tsv
2027,3,0,LR,RW,FQ,LR,134,125,1304,1336,60.0,-4,16,24,24,36,28,42,30,45,32,48,2027-03-01,2026-06-25T12:40:11,https://www.eloratings.net/fixtures.tsv
2027,3,0,MG,NG,FQ,MG,106,30,1380,1767,16.0,14,34,6,50,10,59,11,63,12,67,13,2027-03-01,2026-06-25T12:40:11,https://www.eloratings.net/fixtures.tsv
2027,3,0,MZ,SN,FQ,MZ,121,23,1342,1817,10.0,16,36,4,54,6,63,7,67,8,72,8,2027-03-01,2026-06-25T12:40:11,https://www.eloratings.net/fixtures.tsv
2027,3,0,SO,GM,FQ,SO,188,97,979,1419,12.0,15,35,5,53,7,61,9,66,9,70,10,2027-03-01,2026-06-25T12:40:11,https://www.eloratings.net/fixtures.tsv
2027,3,0,SS,MW,FQ,SS,171,151,1109,1239,46.0,2,22,18,33,27,38,32,41,34,43,37,2027-03-01,2026-06-25T12:40:11,https://www.eloratings.net/fixtures.tsv
2027,3,0,UG,TN,FQ,UG,102,71,1394,1570,39.0,4,24,16,36,24,43,27,46,29,49,31,2027-03-01,2026-06-25T12:40:11,https://www.eloratings.net/fixtures.tsv
2027,3,0,ZM,DZ,FQ,ZM,115,27,1371,1780,14.0,14,34,6,51,9,60,10,64,11,68,12,2027-03-01,2026-06-25T12:40:11,https://www.eloratings.net/fixtures.tsv
2027,3,0,ZW,SL,FQ,ZW,113,123,1372,1341,68.0,-7,13,27,19,41,22,48,24,51,26,54,2027-03-01,2026-06-25T12:40:11,https://www.eloratings.net/fixtures.tsv
2027,3,0,DZ,BI,FQ,DZ,27,143,1780,1285,97.0,-19,1,39,2,58,2,68,2,73,3,77,2027-03-01,2026-06-25T12:40:11,https://www.eloratings.net/fixtures.tsv
2027,3,0,BF,CF,FQ,BF,78,153,1529,1236,91.0,-16,4,36,6,54,7,63,7,68,8,72,2027-03-01,2026-06-25T12:40:11,https://www.eloratings.net/fixtures.tsv
2027,3,0,CM,CG,FQ,CM,62,157,1614,1207,95.0,-18,2,38,3,57,4,66,4,71,4,76,2027-03-01,2026-06-25T12:40:11,https://www.eloratings.net/fixtures.tsv
2027,3,0,CD,ZW,FQ,CD,53,113,1666,1372,91.0,-16,4,36,6,54,7,63,7,68,8,72,2027-03-01,2026-06-25T12:40:11,https://www.eloratings.net/fixtures.tsv
2027,3,0,EG,SS,FQ,EG,35,171,1740,1109,98.5,-19,1,39,1,59,1,69,1,74,1,79,2027-03-01,2026-06-25T12:40:11,https://www.eloratings.net/fixtures.tsv
2027,3,0,GM,GH,FQ,GM,97,69,1419,1584,41.0,4,24,16,36,24,41,29,44,31,47,33,2027-03-01,2026-06-25T12:40:11,https://www.eloratings.net/fixtures.tsv
2027,3,0,CI,SO,FQ,CI,38,188,1728,979,99.3,-20,0,40,0,60,1,69,1,74,1,79,2027-03-01,2026-06-25T12:40:11,https://www.eloratings.net/fixtures.tsv
2027,3,0,KE,GN,FQ,KE,116,86,1363,1463,50.0,0,20,20,30,30,35,35,38,38,40,40,2027-03-01,2026-06-25T12:40:11,https://www.eloratings.net/fixtures.tsv
2027,3,0,LY,UG,FQ,LY,96,102,1420,1394,67.0,-7,13,27,20,40,23,47,24,51,26,54,2027-03-01,2026-06-25T12:40:11,https://www.eloratings.net/fixtures.tsv
2027,3,0,MW,AO,FQ,MW,151,75,1239,1542,24.0,11,31,9,46,14,53,17,57,18,61,19,2027-03-01,2026-06-25T12:40:11,https://www.eloratings.net/fixtures.tsv
2027,3,0,ML,LR,FQ,ML,67,134,1588,1304,90.0,-16,4,36,6,54,7,63,7,68,8,72,2027-03-01,2026-06-25T12:40:11,https://www.eloratings.net/fixtures.tsv
2027,3,0,MR,BJ,FQ,MR,128,100,1329,1405,53.0,-1,19,21,28,32,33,37,35,40,37,43,2027-03-01,2026-06-25T12:40:11,https://www.eloratings.net/fixtures.tsv
2027,3,0,MA,LS,FQ,MA,15,159,1877,1198,98.9,-20,0,40,1,59,1,69,1,74,1,79,2027-03-01,2026-06-25T12:40:11,https://www.eloratings.net/fixtures.tsv
2027,3,0,,KM,FQ,,135,111,1303,1374,54.0,-2,18,22,28,32,32,38,34,41,37,43,2027-03-01,2026-06-25T12:40:11,https://www.eloratings.net/fixtures.tsv
2027,3,0,NE,GA,FQ,NE,105,101,1382,1401,61.0,-5,15,25,23,37,27,43,29,46,31,49,2027-03-01,2026-06-25T12:40:11,https://www.eloratings.net/fixtures.tsv
2027,3,0,NG,GW,FQ,NG,30,150,1767,1248,97.0,-19,1,39,2,58,2,68,2,73,2,78,2027-03-01,2026-06-25T12:40:11,https://www.eloratings.net/fixtures.tsv
2027,3,0,RW,CV,FQ,RW,125,58,1336,1625,25.0,10,30,10,45,15,52,18,56,19,60,20,2027-03-01,2026-06-25T12:40:11,https://www.eloratings.net/fixtures.tsv
2027,3,0,SN,ET,FQ,SN,23,141,1817,1287,97.0,-19,1,39,2,58,2,68,2,73,2,78,2027-03-01,2026-06-25T12:40:11,https://www.eloratings.net/fixtures.tsv
2027,3,0,SL,GQ,FQ,SL,123,106,1341,1380,59.0,-3,17,23,25,35,29,41,31,44,33,47,2027-03-01,2026-06-25T12:40:11,https://www.eloratings.net/fixtures.tsv
2027,3,0,ZA,ER,FQ,ZA,70,158,1575,1201,94.0,-18,2,38,4,56,4,66,5,70,5,75,2027-03-01,2026-06-25T12:40:11,https://www.eloratings.net/fixtures.tsv
2027,3,0,SD,MZ,FQ,SD,119,121,1350,1342,65.0,-6,14,26,21,39,24,46,26,49,28,52,2027-03-01,2026-06-25T12:40:11,https://www.eloratings.net/fixtures.tsv
2027,3,0,TZ,MG,FQ,TZ,132,106,1313,1380,55.0,-2,18,22,27,33,32,38,34,41,36,44,2027-03-01,2026-06-25T12:40:11,https://www.eloratings.net/fixtures.tsv
2027,3,0,TG,ZM,FQ,TG,108,115,1379,1371,65.0,-6,14,26,21,39,24,46,26,49,28,52,2027-03-01,2026-06-25T12:40:11,https://www.eloratings.net/fixtures.tsv
2027,3,0,TN,BW,FQ,TN,71,148,1570,1267,91.0,-16,4,36,5,55,6,64,7,68,7,73,2027-03-01,2026-06-25T12:40:11,https://www.eloratings.net/fixtures.tsv
